Timestamp,Euler_Roll,Euler_Pitch,Euler_Yaw,Acc_X,Acc_Y,Acc_Z,Gyr_X,Gyr_Y,Gyr_Z,Mag_X,Mag_Y,Mag_Z
2024-01-04 16:42:58.319,0.29814,-2.327506,133.903388,0.38,-0.05,9.75,-0.062,0.0,0.125,-21.25,21.188,-23.5
2024-01-04 16:42:58.391,0.286589,-2.332975,133.561491,0.43,-0.06,9.73,0.0,0.125,0.062,-21.0,21.188,-23.062
2024-01-04 16:42:58.433,0.289961,-2.340164,133.558969,0.42,-0.06,9.71,0.0,0.125,0.0,-21.0,21.188,-23.062
2024-01-04 16:42:58.446,0.290139,-2.340499,133.348104,0.4,-0.05,9.76,0.0,0.062,0.125,-21.25,21.562,-24.25
2024-01-04 16:42:58.464,0.293262,-2.338005,133.351359,0.39,-0.06,9.75,0.0,0.188,0.0,-21.25,21.562,-24.25
2024-01-04 16:42:58.493,0.299009,-2.327294,134.353985,0.37,-0.06,9.77,0.0,0.125,0.062,-21.25,20.875,-23.062
2024-01-04 16:42:58.507,0.296228,-2.335635,133.504145,0.39,-0.06,9.75,-0.062,0.188,0.0,-21.0,21.188,-24.25
2024-01-04 16:42:58.533,0.298765,-2.322641,134.356607,0.38,-0.05,9.74,0.0,0.0,0.062,-21.25,20.875,-23.062
2024-01-04 16:42:58.553,0.30142,-2.332513,134.311376,0.43,-0.06,9.77,0.0,-0.062,-0.062,-21.25,20.875,-23.875
2024-01-04 16:42:58.650,0.294842,-2.328588,136.084129,0.39,-0.05,9.77,-0.062,0.0,0.0,-21.688,20.062,-23.5
2024-01-04 16:42:58.664,0.294927,-2.330833,136.082852,0.38,-0.04,9.75,0.125,-0.188,0.125,-21.688,20.062,-23.5
2024-01-04 16:42:58.807,0.300243,-2.340474,134.299527,0.38,-0.06,9.76,0.0,0.0,0.062,-21.25,20.875,-24.0
2024-01-04 16:42:58.830,0.308688,-2.337747,134.513925,0.39,-0.08,9.77,0.062,0.25,0.062,-21.688,21.188,-23.5
2024-01-04 16:42:58.875,0.304923,-2.328748,134.517209,0.37,-0.04,9.82,0.0,0.062,0.0,-21.688,21.188,-23.5
2024-01-04 16:42:58.902,0.298537,-2.339224,135.503802,0.43,-0.03,9.7,0.125,-0.062,0.125,-22.062,20.875,-22.375
2024-01-04 16:42:58.914,0.301096,-2.330042,134.353481,0.37,-0.06,9.83,0.0,0.125,0.0,-21.25,20.875,-23.062
2024-01-04 16:42:58.940,0.291936,-2.334308,134.346035,0.41,-0.02,9.72,-0.062,0.062,0.125,-21.25,20.875,-23.062
2024-01-04 16:42:58.974,0.294825,-2.325372,134.939924,0.37,-0.06,9.83,-0.062,0.25,0.0,-22.375,21.562,-23.562
2024-01-04 16:42:58.996,0.288907,-2.33256,134.932652,0.42,-0.03,9.74,-0.062,0.062,0.062,-22.375,21.562,-23.562
2024-01-04 16:42:59.010,0.291965,-2.323821,133.419341,0.37,-0.06,9.82,0.125,-0.062,0.188,-21.25,21.562,-23.062
2024-01-04 16:42:59.172,0.290068,-2.320506,134.489494,0.37,-0.08,9.78,0.125,-0.188,0.0,-21.688,21.188,-24.0
2024-01-04 16:42:59.186,0.293248,-2.322307,135.016256,0.4,-0.06,9.72,0.062,0.0,0.062,-21.688,20.875,-22.0
2024-01-04 16:42:59.240,0.290569,-2.324201,135.484137,0.38,-0.06,9.81,-0.125,-0.125,0.062,-21.688,20.5,-23.062
2024-01-04 16:42:59.304,0.307896,-2.320778,135.474441,0.43,-0.08,9.73,0.0,0.062,0.0,-21.688,20.5,-23.5
2024-01-04 16:42:59.350,0.301325,-2.328195,134.457293,0.42,-0.03,9.74,0.062,0.125,0.0,-21.688,21.188,-24.688
2024-01-04 16:42:59.365,0.309573,-2.322475,134.46553,0.38,-0.08,9.83,0.062,-0.062,0.0,-21.688,21.188,-24.688
2024-01-04 16:42:59.436,0.310904,-2.337324,133.10191,0.43,-0.05,9.7,-0.062,0.062,-0.062,-21.0,21.562,-22.375
2024-01-04 16:42:59.448,0.304164,-2.343661,133.999402,0.42,-0.03,9.76,0.0,-0.062,-0.125,-21.688,21.562,-23.562
2024-01-04 16:42:59.525,0.309419,-2.331668,134.009296,0.36,-0.07,9.8,-0.062,-0.062,0.0,-21.688,21.562,-23.562
2024-01-04 16:42:59.540,0.319292,-2.345464,134.870231,0.43,-0.06,9.73,-0.125,-0.125,0.0,-22.375,21.562,-25.062
2024-01-04 16:42:59.570,0.31508,-2.339788,135.479258,0.38,-0.04,9.75,-0.062,0.062,-0.062,-22.062,20.875,-23.062
2024-01-04 16:42:59.632,0.306903,-2.342288,133.8992,0.37,-0.07,9.81,-0.062,-0.188,-0.062,-21.25,21.188,-23.5
2024-01-04 16:42:59.737,0.291393,-2.357651,135.061824,0.44,-0.03,9.72,-0.062,0.0,0.0,-22.062,21.188,-22.375
2024-01-04 16:42:59.751,0.300465,-2.35017,134.50866,0.38,-0.09,9.78,0.0,-0.062,-0.062,-21.0,20.5,-23.062
2024-01-04 16:42:59.763,0.288529,-2.356753,135.060852,0.4,-0.04,9.79,0.062,-0.062,0.0,-22.062,21.188,-22.375
2024-01-04 16:42:59.816,0.308221,-2.358837,133.496205,0.41,-0.05,9.73,0.0,-0.125,-0.062,-21.0,21.188,-24.25
2024-01-04 16:42:59.828,0.308947,-2.355992,134.509816,0.42,-0.08,9.75,-0.312,0.0,-0.062,-21.0,20.5,-23.062
2024-01-04 16:42:59.842,0.310313,-2.348784,133.503701,0.37,-0.06,9.82,0.0,-0.062,0.0,-21.0,21.188,-24.25
2024-01-04 16:42:59.855,0.312355,-2.348329,134.414552,0.4,-0.06,9.79,-0.062,0.0,0.0,-22.0,21.562,-23.875
2024-01-04 16:43:00.000,0.307293,-2.366336,133.884901,0.43,-0.07,9.73,0.062,0.0,0.0,-21.25,21.188,-23.5
2024-01-04 16:43:00.029,0.311955,-2.37395,133.945405,0.42,-0.07,9.71,-0.062,-0.062,-0.188,-22.062,22.0,-23.062
2024-01-04 16:43:00.042,0.306634,-2.36854,133.883216,0.41,-0.05,9.74,0.0,0.125,-0.062,-21.25,21.188,-23.5
2024-01-04 16:43:00.108,0.307587,-2.386445,133.329029,0.44,-0.06,9.73,0.0,0.25,0.0,-21.25,21.562,-24.25
2024-01-04 16:43:00.122,0.303949,-2.387397,133.326452,0.41,-0.04,9.76,0.062,0.25,0.0,-21.25,21.562,-24.25
2024-01-04 16:43:00.159,0.303338,-2.384654,133.952547,0.4,-0.05,9.82,0.062,0.062,0.0,-21.688,21.562,-24.0
2024-01-04 16:43:00.191,0.296765,-2.366281,133.925516,0.37,-0.05,9.78,0.0,-0.125,-0.062,-21.688,21.562,-24.688
2024-01-04 16:43:00.203,0.296558,-2.36203,133.928041,0.39,-0.05,9.79,-0.062,-0.125,0.062,-21.688,21.562,-24.688
2024-01-04 16:43:00.218,0.296967,-2.37679,133.953855,0.38,-0.03,9.77,0.062,0.125,0.0,-21.688,21.562,-24.0
2024-01-04 16:43:00.371,0.320979,-2.331105,134.50624,0.36,-0.08,9.76,0.062,0.0,-0.125,-21.688,21.188,-23.875
2024-01-04 16:43:00.392,0.319621,-2.334946,133.96661,0.41,-0.05,9.75,0.0,0.062,0.125,-21.25,21.188,-22.375
2024-01-04 16:43:00.423,0.311243,-2.342181,133.543491,0.41,-0.03,9.75,0.062,0.125,-0.062,-21.0,21.188,-23.562
2024-01-04 16:43:00.478,0.315435,-2.345667,136.996107,0.4,-0.07,9.73,0.0,-0.125,0.0,-22.375,20.062,-24.0
2024-01-04 16:43:00.519,0.310342,-2.345223,133.541144,0.41,-0.05,9.77,-0.062,0.062,0.125,-21.0,21.188,-23.562
2024-01-04 16:43:00.540,0.333322,-2.348484,133.931561,0.42,-0.09,9.79,0.125,-0.25,0.125,-21.25,21.188,-23.062
2024-01-04 16:43:00.553,0.323144,-2.342797,137.002288,0.39,-0.08,9.76,0.062,0.062,-0.188,-22.375,20.062,-24.0
2024-01-04 16:43:00.582,0.340186,-2.342771,133.938575,0.38,-0.08,9.74,0.0,0.0,0.0,-21.25,21.188,-23.062
2024-01-04 16:43:00.653,0.328079,-2.348815,134.493379,0.4,-0.05,9.77,0.062,0.062,0.062,-21.688,21.188,-24.0
2024-01-04 16:43:00.665,0.334905,-2.342856,135.464457,0.4,-0.04,9.77,0.0,-0.125,0.0,-22.062,20.875,-23.562
2024-01-04 16:43:00.680,0.329913,-2.349043,135.458102,0.42,-0.04,9.75,0.062,-0.062,0.062,-22.062,20.875,-23.562
2024-01-04 16:43:00.694,0.320489,-2.354704,134.485633,0.42,-0.03,9.75,0.062,-0.125,-0.062,-21.688,21.188,-24.0
2024-01-04 16:43:00.788,0.314939,-2.348338,133.416752,0.39,-0.04,9.76,0.0,0.0,-0.062,-21.25,21.562,-23.062
2024-01-04 16:43:00.820,0.32428,-2.336831,133.947158,0.39,-0.07,9.74,0.062,0.062,0.0,-21.0,20.875,-24.25
2024-01-04 16:43:00.871,0.328612,-2.337333,133.949294,0.4,-0.07,9.76,-0.125,0.188,-0.125,-21.0,20.875,-24.25
2024-01-04 16:43:00.903,0.322254,-2.349849,133.902913,0.43,-0.04,9.75,0.0,0.062,0.125,-21.25,21.188,-23.5
2024-01-04 16:43:00.934,0.314956,-2.352754,134.958346,0.41,-0.03,9.75,-0.062,0.25,0.0,-21.688,20.875,-23.062
2024-01-04 16:43:00.948,0.313914,-2.352701,134.957817,0.4,-0.05,9.74,0.0,0.062,-0.125,-21.688,20.875,-23.062
2024-01-04 16:43:00.971,0.312894,-2.346548,134.415897,0.38,-0.05,9.76,-0.062,0.0,0.0,-22.0,21.562,-23.875
2024-01-04 16:43:01.023,0.314825,-2.346325,134.41707,0.4,-0.06,9.78,-0.062,-0.062,0.062,-22.0,21.562,-23.875
2024-01-04 16:43:01.042,0.31564,-2.340331,134.907844,0.39,-0.06,9.76,0.062,0.0,0.062,-21.688,20.875,-24.25
2024-01-04 16:43:01.102,0.320425,-2.340779,132.417007,0.4,-0.07,9.75,0.0,0.188,0.125,-20.562,21.562,-23.5
2024-01-04 16:43:01.114,0.322033,-2.33827,132.419413,0.39,-0.06,9.75,0.0,0.375,-0.062,-20.562,21.562,-23.5
2024-01-04 16:43:01.127,0.320593,-2.341508,133.975669,0.41,-0.05,9.77,0.062,0.0,0.0,-21.688,21.562,-24.25
2024-01-04 16:43:01.177,0.319239,-2.341776,133.869572,0.4,-0.05,9.76,0.125,0.062,0.0,-20.562,20.5,-23.5
2024-01-04 16:43:01.191,0.317983,-2.342272,133.868562,0.4,-0.05,9.74,0.188,-0.25,-0.188,-20.562,20.5,-23.5
2024-01-04 16:43:01.237,0.322694,-2.348741,135.878478,0.42,-0.07,9.73,0.062,0.0,0.0,-22.375,20.875,-23.5
2024-01-04 16:43:01.250,0.324098,-2.339413,135.884592,0.37,-0.06,9.8,-0.062,0.0,0.0,-22.375,20.875,-23.5
2024-01-04 16:43:01.275,0.325397,-2.333245,134.009893,0.38,-0.06,9.82,-0.062,-0.125,0.125,-21.0,20.875,-23.062
2024-01-04 16:43:01.373,0.320355,-2.338551,134.548665,0.4,-0.03,9.76,0.062,0.0,0.0,-22.062,21.562,-23.062
2024-01-04 16:43:03.438,0.008725,-0.122079,139.779369,0.42,-0.03,9.85,0.062,0.0,0.0,-22.0,18.562,-25.75
2024-01-04 16:43:03.458,0.0,0.0,0.0,0.0,0.0,0.0,0.0,0.0,0.0,0.0,0.0,0.0
2024-01-04 16:43:03.471,0.028772,-0.224195,139.733752,0.37,-0.07,9.79,0.062,0.125,0.062,-22.0,18.562,-25.75
2024-01-04 16:43:03.486,0.036167,-0.339507,139.671531,0.43,-0.03,9.73,0.0,-0.062,0.0,-22.0,18.562,-25.75
2024-01-04 16:43:03.562,0.066884,-0.526293,136.733142,0.4,-0.06,9.73,0.062,0.188,-0.125,-22.375,20.875,-24.688
2024-01-04 16:43:03.576,0.081007,-0.610555,135.372235,0.38,-0.06,9.84,0.0,-0.062,-0.062,-21.688,21.188,-24.0
2024-01-04 16:43:03.606,0.08579,-0.700672,135.323838,0.41,-0.03,9.73,-0.062,0.062,-0.188,-21.688,21.188,-24.0
2024-01-04 16:43:03.624,0.096131,-0.773858,133.868251,0.37,-0.05,9.79,-0.188,-0.125,0.125,-21.0,21.562,-22.75
2024-01-04 16:43:03.700,0.132665,-0.927967,135.646931,0.41,-0.08,9.73,-0.062,-0.125,0.062,-22.0,21.188,-23.5
2024-01-04 16:43:03.792,0.142709,-1.073188,135.001282,0.43,-0.04,9.71,-0.062,0.062,-0.062,-21.25,20.875,-22.75
2024-01-04 16:43:03.814,0.153148,-1.136632,134.971513,0.4,-0.06,9.78,-0.062,-0.062,0.062,-21.25,20.875,-22.75
2024-01-04 16:43:03.828,0.154324,-1.212199,134.123729,0.45,-0.03,9.73,0.0,0.0,-0.062,-21.0,21.188,-24.0
2024-01-04 16:43:03.842,0.152472,-1.274667,134.4585,0.42,-0.02,9.77,-0.188,-0.125,0.0,-21.25,21.188,-23.062
2024-01-04 16:43:03.864,0.15665,-1.334771,134.426515,0.42,-0.04,9.71,0.0,0.0,-0.062,-21.25,21.188,-23.062
2024-01-04 16:43:03.930,0.172941,-1.430859,134.944859,0.41,-0.06,9.73,-0.062,-0.062,0.062,-21.688,21.188,-24.25
2024-01-04 16:43:03.943,0.163448,-1.379174,134.969951,0.38,-0.05,9.79,0.0,-0.312,0.0,-21.688,21.188,-24.25
2024-01-04 16:43:03.973,0.187477,-1.520557,134.425027,0.42,-0.05,9.71,0.0,-0.062,0.062,-21.0,20.875,-22.75
2024-01-04 16:43:03.987,0.181816,-1.470231,134.450808,0.38,-0.06,9.81,-0.125,0.188,0.0,-21.0,20.875,-22.75
2024-01-04 16:43:04.014,0.189796,-1.564313,134.848873,0.41,-0.04,9.8,0.0,0.125,0.0,-21.688,21.188,-25.062
2024-01-04 16:43:04.281,0.242572,-1.854687,134.155828,0.4,-0.06,9.79,-0.062,0.062,-0.062,-21.25,21.188,-23.5
2024-01-04 16:43:04.340,0.249007,-1.951774,135.111186,0.41,-0.02,9.75,0.0,-0.125,-0.062,-22.375,21.562,-24.0
2024-01-04 16:43:04.356,0.247702,-1.896046,134.113867,0.39,-0.07,9.81,0.0,-0.062,-0.188,-21.25,21.188,-24.0
2024-01-04 16:43:04.412,0.251188,-1.965327,135.104557,0.38,-0.05,9.79,0.0,0.062,0.125,-22.375,21.562,-24.0
2024-01-04 16:43:04.436,0.261919,-1.97473,134.541241,0.37,-0.08,9.84,0.062,0.125,-0.062,-21.25,20.875,-23.062
2024-01-04 16:43:04.530,0.263424,-1.99274,134.531532,0.4,-0.05,9.81,-0.125,0.0,-0.062,-21.25,20.875,-23.062
2024-01-04 16:43:04.543,0.266287,-2.005569,135.620586,0.35,-0.06,9.85,-0.062,0.125,-0.188,-21.688,20.5,-23.875
2024-01-04 16:43:04.556,0.261934,-2.004018,135.619021,0.38,-0.04,9.81,0.062,0.0,0.0,-21.688,20.5,-23.875
2024-01-04 16:43:04.576,0.264678,-2.01351,135.534547,0.37,-0.04,9.79,0.0,0.062,-0.125,-22.0,20.875,-23.5
2024-01-04 16:43:04.700,0.284017,-2.073035,135.510902,0.41,-0.06,9.76,0.125,0.188,0.125,-22.0,20.875,-23.5
2024-01-04 16:43:04.712,0.281593,-2.092967,135.498066,0.42,-0.04,9.73,-0.062,0.0,-0.125,-22.0,20.875,-23.5
2024-01-04 16:43:04.724,0.276319,-2.102732,132.978009,0.39,-0.03,9.76,0.0,0.25,0.062,-21.25,22.0,-22.75
2024-01-04 16:43:04.786,0.271336,-2.118239,135.017018,0.41,-0.03,9.73,0.062,-0.125,0.0,-22.0,21.188,-24.25
2024-01-04 16:43:04.798,0.266575,-2.132601,135.00579,0.41,-0.03,9.76,-0.062,0.0,0.0,-22.0,21.188,-24.25
2024-01-04 16:43:04.813,0.270785,-2.145755,133.116238,0.41,-0.06,9.8,0.0,0.062,0.0,-21.0,21.562,-24.0
2024-01-04 16:43:04.847,0.283662,-2.15288,133.118798,0.39,-0.09,9.76,0.0,0.0,0.0,-21.0,21.562,-24.0
2024-01-04 16:43:04.938,0.290345,-2.171784,133.639036,0.4,-0.06,9.78,-0.125,0.125,0.0,-21.0,21.188,-23.5
2024-01-04 16:43:04.954,0.290474,-2.180299,135.452459,0.4,-0.05,9.78,0.125,0.0,-0.062,-22.0,20.875,-23.5
2024-01-04 16:43:04.966,0.287127,-2.162821,133.642731,0.4,-0.06,9.74,0.125,-0.188,0.062,-21.0,21.188,-23.5
2024-01-04 16:43:05.062,0.285465,-2.222118,134.38791,0.41,-0.05,9.73,-0.062,0.062,0.0,-21.25,20.875,-23.5
2024-01-04 16:43:05.076,0.284993,-2.212077,133.474253,0.41,-0.04,9.79,0.188,0.0,-0.125,-21.688,22.0,-23.875
2024-01-04 16:43:05.090,0.291717,-2.219453,134.392941,0.37,-0.07,9.77,0.0,0.062,0.0,-21.25,20.875,-23.5
2024-01-04 16:43:05.188,0.285702,-2.244073,133.970798,0.42,-0.03,9.75,-0.062,0.188,-0.062,-22.375,22.375,-22.375
2024-01-04 16:43:05.254,0.280223,-2.249213,135.389374,0.4,-0.03,9.76,0.188,-0.062,0.0,-22.0,20.875,-23.875
2024-01-04 16:43:05.267,0.283751,-2.2507,135.000247,0.39,-0.06,9.8,-0.125,-0.062,0.125,-22.0,21.188,-23.062
2024-01-04 16:43:05.294,0.287193,-2.255628,134.999263,0.4,-0.06,9.75,0.062,-0.25,0.0,-22.0,21.188,-23.062
2024-01-04 16:43:05.335,0.290408,-2.259951,132.9173,0.4,-0.06,9.78,0.062,0.0,0.062,-20.562,21.188,-24.25
2024-01-04 16:43:05.356,0.290519,-2.258095,132.91855,0.38,-0.05,9.79,-0.125,-0.062,0.0,-20.562,21.188,-24.25
2024-01-04 16:43:05.403,0.296363,-2.263865,134.927558,0.4,-0.05,9.75,-0.062,-0.188,0.062,-21.25,20.5,-22.75
2024-01-04 16:43:05.468,0.296497,-2.25937,134.930247,0.39,-0.07,9.78,0.125,0.188,0.062,-21.25,20.5,-22.75
2024-01-04 16:43:05.485,0.276156,-2.278343,133.921137,0.44,-0.02,9.67,0.062,-0.375,0.062,-21.25,21.188,-23.5
2024-01-04 16:43:05.514,0.288577,-2.257651,134.368263,0.32,-0.09,9.83,0.0,-0.188,0.0,-21.25,20.875,-23.5
2024-01-04 16:43:05.588,0.294536,-2.251772,134.961974,0.39,-0.05,9.76,0.0,0.062,0.125,-22.375,21.562,-24.0
2024-01-04 16:43:05.648,0.305723,-2.264167,134.983882,0.42,-0.06,9.73,0.0,-0.125,0.188,-22.0,21.188,-23.5
2024-01-04 16:43:05.661,0.303218,-2.253246,134.988872,0.39,-0.08,9.79,0.0,-0.062,0.0,-22.0,21.188,-23.5
2024-01-04 16:43:05.674,0.305053,-2.267824,133.413562,0.4,-0.05,9.8,0.125,0.125,0.062,-21.25,21.562,-24.0
2024-01-04 16:43:05.726,0.301493,-2.271298,133.409504,0.4,-0.04,9.8,0.062,0.062,0.062,-21.25,21.562,-24.0
2024-01-04 16:43:05.740,0.30055,-2.289837,135.447419,0.42,-0.04,9.79,0.062,0.0,-0.062,-22.0,20.875,-22.375
2024-01-04 16:43:05.753,0.304048,-2.281063,135.454101,0.42,-0.06,9.75,0.188,-0.062,0.0,-22.0,20.875,-22.375
2024-01-04 16:43:05.807,0.30559,-2.295557,133.889665,0.41,-0.06,9.75,0.062,0.125,0.0,-21.25,21.188,-24.25
2024-01-04 16:43:05.819,0.303116,-2.289642,133.891962,0.39,-0.06,9.77,-0.062,0.062,-0.125,-21.25,21.188,-24.25
2024-01-04 16:43:05.894,0.307771,-2.302369,133.440205,0.4,-0.04,9.79,0.0,0.062,0.188,-21.25,21.562,-23.062
2024-01-04 16:43:05.907,0.315667,-2.297706,136.460427,0.41,-0.06,9.76,0.125,0.5,-0.062,-22.375,20.5,-22.75
2024-01-04 16:43:05.920,0.345593,-2.426167,134.000897,0.81,-0.18,9.69,0.25,0.312,3.25,-21.0,20.875,-22.375
2024-01-04 16:43:05.934,0.311649,-2.300405,133.443376,0.4,-0.04,9.74,0.0,-0.062,0.062,-21.25,21.562,-23.062
2024-01-04 16:43:05.948,0.328313,-2.451342,133.549231,0.5,0.0,9.77,-0.188,-4.188,1.688,-21.0,21.188,-22.375
2024-01-04 16:43:06.013,0.316192,-2.470873,134.288385,0.4,-0.03,9.75,0.0,0.938,-0.25,-21.562,21.188,-23.062
2024-01-04 16:43:06.088,0.323555,-2.477273,133.531675,0.51,-0.04,9.83,0.0,-2.375,-0.938,-21.0,21.188,-22.375
2024-01-04 16:43:06.100,0.319852,-2.470319,134.402227,0.42,-0.07,9.78,-0.062,0.188,-0.125,-21.688,21.188,-24.25
2024-01-04 16:43:06.133,0.333151,-2.469756,134.409977,0.42,-0.1,9.78,0.125,1.875,-0.188,-21.688,21.188,-24.25
2024-01-04 16:43:06.294,0.294809,-2.798583,133.257298,0.69,0.07,9.75,-0.188,-2.062,2.438,-21.0,21.188,-23.5
2024-01-04 16:43:06.318,0.331975,-2.732822,133.317856,0.49,-0.02,9.81,0.188,-5.75,2.312,-21.0,21.188,-23.5
2024-01-04 16:43:06.331,0.30951,-2.849748,135.211817,0.65,-0.1,9.73,0.312,-1.625,1.25,-21.25,20.062,-22.75
2024-01-04 16:43:06.385,0.288146,-2.689595,135.29502,-0.06,0.02,9.73,-0.062,-3.438,1.438,-21.25,20.062,-22.75
2024-01-04 16:43:06.397,0.38977,-3.009285,134.155644,1.08,-0.79,9.55,-0.5,-2.25,6.625,-21.688,21.188,-23.5
2024-01-04 16:43:06.410,0.161395,-2.828084,134.143037,0.95,0.39,9.94,0.125,-16.625,4.25,-21.688,21.188,-23.5
2024-01-04 16:43:06.424,0.3468,-2.987884,134.207648,0.44,0.08,9.76,0.812,-0.438,24.375,-22.062,21.562,-22.75
2024-01-04 16:43:06.442,0.32946,-2.999428,132.099266,0.55,0.0,9.78,0.25,-0.312,16.188,-21.0,22.0,-23.062
2024-01-04 16:43:06.456,0.266027,-2.99609,132.069708,0.5,0.16,9.76,0.0,-0.375,10.5,-21.0,22.0,-23.062
2024-01-04 16:43:06.536,0.266619,-3.009395,132.166194,0.54,-0.25,9.73,0.062,0.0,0.188,-21.0,22.0,-21.562
2024-01-04 16:43:06.640,0.239396,-3.020563,131.373357,0.54,-0.01,9.79,0.188,-0.125,-0.062,-20.562,22.0,-23.5
2024-01-04 16:43:06.653,0.192313,-3.036143,131.339756,0.57,0.12,9.79,0.375,-0.125,0.438,-20.562,22.0,-23.5
2024-01-04 16:43:06.704,0.845709,-2.942957,131.176034,0.88,-2.53,10.19,19.312,2.188,54.062,-20.188,22.0,-23.5
2024-01-04 16:43:06.716,0.179774,-3.039117,132.286014,0.53,0.01,9.8,0.312,0.25,0.062,-21.562,22.375,-23.5
2024-01-04 16:43:06.802,1.000292,-3.588828,131.225063,1.5,1.36,9.65,-1.375,-0.438,46.688,-21.0,22.688,-22.375
2024-01-04 16:43:06.836,-0.167798,-3.346665,127.66469,0.5,2.0,9.75,3.438,0.25,74.125,-19.188,23.062,-22.375
2024-01-04 16:43:06.924,-2.321161,-3.627304,121.406334,1.86,7.15,9.64,-3.688,0.188,20.062,-17.25,25.0,-23.062
2024-01-04 16:43:06.950,-0.518886,-3.243436,127.579675,0.22,1.24,9.83,-2.0,-0.25,61.062,-19.188,23.062,-22.375
2024-01-04 16:43:06.968,-0.730928,-3.152992,120.188806,-1.02,-5.62,9.94,6.125,0.5,-0.375,-16.188,25.375,-22.75
2024-01-04 16:43:06.980,-0.753762,-3.003826,120.281927,0.03,0.21,10.13,0.812,0.188,-3.0,-16.188,25.375,-22.75
2024-01-04 16:43:07.010,-0.530627,-3.390716,119.18988,1.99,-0.68,10.49,14.938,-5.688,-15.312,-15.75,25.688,-21.562
2024-01-04 16:43:07.031,-0.241146,-3.590245,119.147069,1.14,-0.81,8.8,28.812,-4.188,-82.875,-15.75,25.688,-21.562
2024-01-04 16:43:07.093,-0.172394,-3.706685,121.362495,1.1,-0.21,10.61,15.25,4.5,-69.75,-17.25,25.688,-23.5
2024-01-04 16:43:07.142,-0.857961,-3.998587,123.179005,2.27,0.95,14.01,23.875,46.375,18.312,-17.25,23.5,-23.5
2024-01-04 16:43:07.208,-0.698948,-3.724645,121.164606,0.88,2.34,12.38,31.438,12.375,0.0,-17.25,25.688,-23.5
2024-01-04 16:43:07.221,-1.206093,-4.414857,122.746275,2.72,1.71,12.45,72.75,62.875,-0.5,-17.25,23.5,-23.5
2024-01-04 16:43:07.318,-2.690599,-6.432794,114.532531,3.38,2.12,9.56,53.938,157.125,9.25,-12.062,17.5,-30.75
2024-01-04 16:43:07.332,-2.174135,-5.746553,115.735118,3.51,1.86,11.43,141.688,153.812,45.125,-12.062,17.5,-30.75
2024-01-04 16:43:07.397,-4.015962,-6.195945,90.251398,0.51,2.88,10.52,73.188,145.25,-6.062,-3.875,10.875,-36.0
2024-01-04 16:43:07.412,-3.739866,-5.465204,44.439212,-1.52,-0.27,10.27,100.438,121.938,59.438,4.562,5.5,-38.188
2024-01-04 16:43:07.425,-3.626012,-4.639965,46.114752,-1.91,0.25,9.79,114.438,111.25,68.562,4.562,5.5,-38.188
2024-01-04 16:43:07.478,-3.982364,-3.696163,22.492607,-1.71,1.28,6.74,66.625,122.625,74.25,10.0,2.375,-41.062
2024-01-04 16:43:07.505,-5.005086,-2.455025,12.217287,-2.33,2.74,6.03,46.062,118.625,34.25,13.875,-0.188,-40.875
2024-01-04 16:43:07.520,-5.829279,-0.852214,15.314878,-3.42,2.37,6.02,67.25,143.188,46.688,13.875,-0.188,-40.875
2024-01-04 16:43:07.554,-6.664527,1.161714,9.896722,-4.3,2.17,5.23,105.938,174.5,57.188,19.25,-1.375,-39.5
2024-01-04 16:43:07.704,-16.765534,13.006936,0.889558,-4.65,5.93,0.7,123.625,203.5,11.062,31.062,-8.375,-29.062
2024-01-04 16:43:07.725,-20.532861,16.973638,6.414936,-6.36,7.05,-0.26,171.312,221.5,43.438,31.062,-8.375,-29.062
2024-01-04 16:43:07.764,-28.969466,25.751491,3.274441,-6.3,5.9,-2.36,171.938,213.0,-13.562,35.562,-11.0,-22.375
2024-01-04 16:43:07.782,-34.126957,31.241783,-10.800538,-5.09,5.74,-5.19,162.375,215.438,-52.375,37.688,-13.875,-12.75
2024-01-04 16:43:07.813,-39.333618,36.98138,-7.989936,-4.5,5.96,-6.68,192.375,222.062,-65.438,37.688,-13.875,-12.75
2024-01-04 16:43:07.858,-44.626268,43.161897,-18.049055,-2.66,5.25,-7.55,241.125,190.688,-55.812,40.5,-14.375,-5.25
2024-01-04 16:43:07.907,-56.720585,54.795538,-28.923048,-2.67,0.87,-8.36,290.688,99.812,51.438,41.0,-10.688,5.375
2024-01-04 16:43:07.936,-50.54489,49.138058,-18.064101,-2.6,2.55,-8.34,258.75,156.75,-4.75,40.5,-14.375,-5.25
2024-01-04 16:43:07.969,-62.806253,60.229928,-40.864824,-2.82,0.26,-9.51,279.625,21.688,36.75,39.25,-8.25,13.875
2024-01-04 16:43:07.985,-51.078973,64.685152,-40.269945,-4.37,-1.07,-7.37,189.0,-20.75,-2.75,39.25,-8.25,13.875
2024-01-04 16:43:08.076,-40.09362,68.327015,-30.341276,-6.51,-1.43,-7.11,107.0,-30.0,-30.688,39.062,-4.25,16.25
2024-01-04 16:43:08.095,-29.307178,72.317242,-26.503147,-5.62,-0.69,-9.04,109.625,40.312,10.75,39.062,-4.25,16.25
2024-01-04 16:43:08.109,-36.768307,76.276411,-28.570351,-5.5,0.26,-10.13,106.812,77.812,12.188,39.562,-2.188,15.25
2024-01-04 16:43:08.151,-50.027894,84.041995,-43.975387,-5.03,1.82,-11.63,60.062,29.75,8.0,38.562,-0.75,18.875
2024-01-04 16:43:08.166,-43.655371,80.222552,-36.94342,-5.24,1.09,-11.34,74.062,72.625,19.125,39.562,-2.188,15.25
2024-01-04 16:43:08.191,-56.162201,87.473184,-54.271517,-5.66,1.4,-10.95,60.562,0.75,0.625,38.562,-0.75,18.875
2024-01-04 16:43:08.207,-62.354091,90.868652,-63.274055,-4.44,0.0,-9.69,67.688,-13.0,-9.25,37.562,0.188,20.062
2024-01-04 16:43:08.332,-73.565085,96.811801,-82.499202,-4.81,0.19,-8.37,29.188,-34.5,-14.625,36.75,1.25,20.188
2024-01-04 16:43:08.344,-78.623254,99.137067,-92.034393,-5.49,0.68,-7.37,9.125,-45.5,-18.375,36.75,1.25,20.188
2024-01-04 16:43:11.571,-157.943303,145.685317,-158.291722,-3.78,0.12,-8.74,-1.875,-3.0,2.438,31.25,6.062,24.75
2024-01-04 16:43:11.599,-158.980518,146.244292,-159.717981,-3.73,0.2,-8.73,-1.812,-1.562,1.75,31.688,5.688,24.0
2024-01-04 16:43:11.622,-156.823825,145.110239,-157.669602,-3.74,0.0,-8.88,-2.125,-4.25,1.562,31.25,6.062,24.75
2024-01-04 16:43:11.636,-159.908003,146.795777,-160.22424,-3.69,0.38,-8.81,-0.688,-0.438,1.25,31.688,5.688,24.0
2024-01-04 16:43:11.650,-160.795605,147.319689,-161.475512,-3.69,0.36,-8.81,-1.125,0.188,-1.188,31.25,5.0,24.0
2024-01-04 16:43:11.695,-161.673526,147.787819,-161.961301,-3.75,0.25,-8.7,-2.812,0.062,-2.062,31.25,5.0,24.0
2024-01-04 16:43:11.754,-162.491442,148.2223,-161.834793,-3.8,0.3,-8.73,1.688,2.688,0.188,32.0,5.688,23.562
2024-01-04 16:43:11.810,-163.995042,149.1257,-161.957435,-3.69,0.27,-8.96,3.562,1.75,-0.312,30.188,5.688,23.562
2024-01-04 16:43:11.838,-164.79529,149.526584,-162.404344,-3.76,0.0,-8.92,1.312,-1.25,0.875,30.188,5.688,23.562
2024-01-04 16:43:11.852,-163.24352,148.678808,-162.240198,-3.68,0.38,-8.82,1.812,2.438,1.0,32.0,5.688,23.562
2024-01-04 16:43:11.865,-147.57497,149.90365,-152.872115,-3.74,-0.06,-8.84,-0.188,-1.5,2.25,31.688,6.5,24.0
2024-01-04 16:43:11.907,-149.134657,150.283923,-153.622894,-3.66,0.19,-8.84,-2.438,-1.5,0.875,31.688,6.5,24.0
2024-01-04 16:43:11.930,-150.573914,150.641737,-154.64446,-3.66,0.32,-8.81,-1.125,-0.625,-0.5,31.25,6.062,24.0
2024-01-04 16:43:11.943,-151.947259,150.946568,-155.328412,-3.77,0.3,-8.77,-1.812,-0.562,-1.312,31.25,6.062,24.0
2024-01-04 16:43:11.957,-153.270888,151.233354,-156.90719,-3.75,0.24,-8.7,-3.0,0.25,-0.875,32.375,5.688,24.375
2024-01-04 16:43:12.018,-154.501655,151.513352,-157.529481,-3.71,0.32,-8.67,-1.688,2.0,-0.562,32.375,5.688,24.375
2024-01-04 16:43:12.031,-155.660496,151.825987,-157.099797,-3.63,0.36,-8.88,3.688,2.438,0.188,31.688,6.5,23.188
2024-01-04 16:43:12.081,-156.813678,152.117768,-157.673534,-3.69,0.2,-8.98,3.0,0.562,0.25,31.688,6.5,23.188
2024-01-04 16:43:12.156,-159.034683,152.616692,-160.375281,-3.74,0.0,-8.86,0.375,-3.688,1.25,31.688,5.25,23.562
2024-01-04 16:43:12.238,-160.046688,152.821554,-160.34852,-3.74,0.11,-8.69,-3.438,-1.438,0.688,30.875,5.25,24.375
2024-01-04 16:43:12.270,-161.79673,153.224938,-160.548656,-3.76,0.41,-8.83,-1.312,2.062,0.688,31.688,6.062,24.375
2024-01-04 16:43:12.355,-163.333557,153.553274,-163.210947,-3.79,0.38,-8.8,1.188,0.062,-0.812,30.875,4.562,24.0
2024-01-04 16:43:12.393,-164.799009,153.961491,-163.371068,-3.61,0.19,-8.98,3.25,1.25,1.125,31.688,5.25,24.0
2024-01-04 16:43:12.406,-165.523732,154.123313,-163.612228,-3.75,0.11,-8.92,-0.188,-1.562,1.438,31.25,5.25,24.0
2024-01-04 16:43:12.431,-148.280397,154.239818,-154.499825,-3.8,-0.1,-8.72,-1.875,-1.688,2.812,31.25,5.25,24.0
2024-01-04 16:43:12.481,-149.859769,154.361125,-154.501875,-3.74,0.02,-8.67,-3.562,-0.625,4.5,30.875,5.688,24.0
2024-01-04 16:43:12.560,-151.229095,154.554656,-155.17168,-3.57,0.43,-8.94,0.438,1.625,3.5,30.875,5.688,24.0
2024-01-04 16:43:12.624,-154.985541,154.850537,-158.829652,-3.82,0.3,-8.62,-3.5,-1.5,-0.688,32.375,5.25,22.75
2024-01-04 16:43:12.637,-156.082881,154.969834,-159.362985,-3.68,0.47,-8.77,2.062,1.062,0.25,32.375,5.25,22.75
2024-01-04 16:43:12.660,-153.773898,154.784817,-157.396536,-3.82,0.32,-8.69,-2.688,-2.625,-1.375,31.25,5.0,24.375
2024-01-04 16:43:12.726,-158.269477,155.219629,-159.767479,-3.7,0.14,-8.93,0.25,-0.938,0.312,31.25,5.0,24.375
2024-01-04 16:43:12.777,-159.317161,155.307716,-159.235153,-3.76,0.12,-8.85,-1.375,-1.0,0.938,30.875,5.688,24.375
2024-01-04 16:43:12.815,-160.306039,155.403539,-159.77379,-3.72,0.14,-8.86,1.0,-2.062,0.562,30.875,5.688,24.375
2024-01-04 16:43:12.850,-161.238537,155.488035,-161.573161,-3.71,0.16,-8.78,-2.625,-0.5,-0.812,31.688,5.0,24.375
2024-01-04 16:43:12.868,-162.095154,155.563946,-162.045246,-3.73,0.25,-8.79,-5.188,0.438,-0.75,31.688,5.0,24.375
2024-01-04 16:43:12.934,-163.547257,155.69097,-162.812474,-3.79,0.42,-8.79,0.625,0.375,-1.125,32.0,5.25,23.562
2024-01-04 16:43:12.984,-164.260907,155.736934,-162.055522,-3.75,0.33,-8.67,-0.688,0.062,-1.125,30.875,5.688,24.0
2024-01-04 16:43:13.003,-164.929928,155.833555,-162.430095,-3.59,0.36,-8.74,-0.375,1.188,-0.625,30.875,5.688,24.0
2024-01-04 16:43:13.055,-166.276234,156.003189,-164.798823,-3.77,0.14,-8.94,-0.375,-3.938,0.438,32.0,5.0,22.75
2024-01-04 16:43:13.068,-166.942868,156.036813,-165.533258,-3.79,0.06,-8.79,-2.438,-4.438,-0.375,31.688,4.562,23.562
2024-01-04 16:43:13.119,-167.549362,156.063073,-165.87745,-3.75,0.14,-8.65,-1.375,-1.562,-0.438,31.688,4.562,23.562
2024-01-04 16:43:13.169,-168.076873,156.109894,-164.745256,-3.71,0.29,-8.74,-2.188,2.125,-0.188,32.0,5.688,23.188
2024-01-04 16:43:13.230,-168.537937,156.172949,-164.998937,-3.71,0.42,-8.9,-1.375,1.938,-0.25,32.0,5.688,23.188
2024-01-04 16:43:13.268,-169.391123,156.25337,-166.400393,-3.76,0.42,-8.82,-1.188,-2.375,-0.75,32.0,5.0,23.562
2024-01-04 16:43:13.282,-168.976251,156.218745,-166.165148,-3.77,0.42,-8.92,-0.062,-0.562,-0.812,32.0,5.0,23.562
2024-01-04 16:43:13.295,-169.810178,156.293455,-164.949761,-3.7,0.34,-8.74,0.625,-2.0,0.125,31.688,6.062,24.375
2024-01-04 16:43:13.379,-170.646033,156.353622,-166.927392,-3.81,0.25,-8.93,1.125,-1.438,1.0,31.25,5.0,23.188
2024-01-04 16:43:13.422,-171.071462,156.366605,-167.17356,-3.81,0.13,-8.81,-0.375,-1.938,-0.562,31.25,5.0,23.188
2024-01-04 16:43:13.437,-171.475232,156.391515,-167.77241,-3.73,0.13,-8.73,-2.688,-2.062,-0.062,32.375,5.0,22.75
2024-01-04 16:43:13.471,-171.812897,156.404099,-167.961043,-3.77,0.27,-8.73,-1.875,0.625,0.438,32.375,5.0,22.75
2024-01-04 16:43:13.602,-172.086704,156.438026,-167.826207,-3.75,0.42,-8.87,-1.75,0.938,-0.5,31.688,5.0,24.0
2024-01-04 16:43:13.630,-172.322654,156.443226,-167.966243,-3.81,0.49,-8.78,-1.188,-0.25,-0.375,31.688,5.0,24.0
2024-01-04 16:43:13.643,-172.565529,156.444936,-167.105588,-3.8,0.43,-8.73,-1.75,-0.875,-0.5,31.688,5.688,24.375
2024-01-04 16:43:13.660,-172.799848,156.465527,-167.245167,-3.74,0.42,-8.75,0.188,-0.125,0.188,31.688,5.688,24.375
2024-01-04 16:43:13.694,-173.014478,156.487007,-167.917721,-3.78,0.45,-8.86,1.938,0.25,1.0,31.25,5.25,23.562
2024-01-04 16:43:13.772,-173.566368,156.490183,-168.347022,-3.84,0.18,-8.78,-0.375,-1.812,0.5,31.688,5.25,24.0
2024-01-04 16:43:13.800,-173.28957,156.496115,-168.080846,-3.83,0.23,-8.88,2.125,-1.375,0.438,31.25,5.25,23.562
2024-01-04 16:43:13.813,-173.82571,156.500599,-168.501834,-3.76,0.19,-8.73,-0.938,-1.5,0.375,31.688,5.25,24.0
2024-01-04 16:43:13.827,-174.007689,156.53098,-168.045568,-3.72,0.39,-8.81,-1.375,0.875,-0.125,32.0,5.688,24.75
2024-01-04 16:43:13.873,-174.206884,156.53864,-168.810288,-3.81,0.31,-8.84,0.438,1.25,-1.438,32.0,5.25,24.0
2024-01-04 16:43:13.914,-174.392293,156.529043,-168.921316,-3.85,0.32,-8.79,-1.625,0.0,-0.625,32.0,5.25,24.0
2024-01-04 16:43:13.971,-174.514781,156.531156,-168.495157,-3.77,0.48,-8.7,-1.5,-0.188,0.688,32.375,5.688,22.75
2024-01-04 16:43:13.984,-174.63041,156.566249,-168.55944,-3.71,0.49,-8.84,1.938,0.625,0.562,32.375,5.688,22.75
2024-01-04 16:43:14.025,-174.786413,156.599418,-169.275601,-3.74,0.35,-8.91,3.25,-1.062,0.25,32.375,5.25,22.75
2024-01-04 16:43:14.101,-175.00152,156.585247,-169.398693,-3.86,0.14,-8.8,0.625,-2.188,0.875,32.375,5.25,22.75
2024-01-04 16:43:17.559,-167.452359,147.843843,-165.454409,-3.86,0.43,-8.73,-1.625,-1.562,-0.562,32.75,5.25,23.188
2024-01-04 16:43:17.571,-168.388342,148.658908,-166.050981,-3.86,0.43,-8.78,1.812,1.188,-0.312,32.0,5.0,23.562
2024-01-04 16:43:17.585,-167.924771,148.25843,-165.793905,-3.84,0.47,-8.68,0.062,0.0,-0.375,32.0,5.0,23.562
2024-01-04 16:43:17.600,-168.815542,149.027232,-166.394035,-3.9,0.47,-8.77,-0.375,-0.062,0.312,32.0,5.0,22.5
2024-01-04 16:43:17.621,-169.198992,149.387741,-166.60096,-3.87,0.54,-8.79,-0.062,-1.0,-0.188,32.0,5.0,22.5
2024-01-04 16:43:17.677,-169.601481,149.724185,-166.57348,-3.87,0.42,-8.74,-1.188,-0.688,-0.625,31.688,5.0,24.25
2024-01-04 16:43:17.716,-170.337619,150.363168,-166.136944,-3.85,0.45,-8.76,-0.125,-0.062,0.312,32.0,5.688,24.0
2024-01-04 16:43:17.728,-169.983846,150.052039,-166.78982,-3.84,0.42,-8.74,0.812,-0.375,0.125,31.688,5.0,24.25
2024-01-04 16:43:17.781,-170.991021,150.945478,-168.271917,-3.85,0.43,-8.8,0.375,-0.688,0.25,32.375,4.562,22.75
2024-01-04 16:43:17.795,-171.293253,151.200692,-168.435886,-3.86,0.45,-8.69,-1.062,-0.812,0.375,32.375,4.562,22.75
2024-01-04 16:43:17.810,-170.664099,150.659945,-166.318269,-3.85,0.48,-8.77,-0.812,-0.438,0.688,32.0,5.688,24.0
2024-01-04 16:43:17.850,-171.555278,151.447701,-168.205549,-3.87,0.53,-8.75,0.0,0.312,0.375,30.875,4.562,22.5
2024-01-04 16:43:17.862,-171.817436,151.675372,-168.350546,-3.9,0.49,-8.76,0.312,0.688,-0.312,30.875,4.562,22.5
2024-01-04 16:43:17.938,-172.069567,151.898647,-167.979612,-3.87,0.48,-8.75,0.062,-0.125,-0.062,32.75,5.25,22.75
2024-01-04 16:43:17.965,-172.315277,152.108332,-169.453866,-3.87,0.46,-8.73,0.062,0.062,-0.375,32.0,4.188,22.5
2024-01-04 16:43:18.005,-172.555412,152.297803,-169.585118,-3.91,0.44,-8.74,0.25,0.25,-0.312,32.0,4.188,22.5
2024-01-04 16:43:18.030,-172.776484,152.479605,-169.21724,-3.89,0.46,-8.71,0.062,0.438,0.188,32.375,4.562,23.188
2024-01-04 16:43:18.043,-172.981199,152.666292,-169.329642,-3.87,0.48,-8.78,0.125,0.25,0.125,32.375,4.562,23.188
2024-01-04 16:43:18.060,-173.175321,152.841231,-168.497438,-3.87,0.48,-8.76,0.875,0.062,-0.062,31.25,5.0,24.0
2024-01-04 16:43:18.129,-173.365915,153.002262,-168.6064,-3.88,0.46,-8.74,-0.125,-0.438,0.188,31.25,5.0,24.0
2024-01-04 16:43:18.144,-173.693735,153.309624,-170.173696,-3.86,0.52,-8.76,-0.562,-0.375,0.062,32.0,4.188,23.188
2024-01-04 16:43:18.192,-173.848421,153.44876,-169.183958,-3.87,0.49,-8.73,-0.062,0.0,-0.75,32.375,5.0,23.188
2024-01-04 16:43:18.287,-174.148558,153.700061,-169.193401,-3.86,0.43,-8.74,0.125,-0.188,0.0,31.688,5.0,22.75
2024-01-04 16:43:18.300,-174.264958,153.824519,-169.256769,-3.87,0.54,-8.77,-0.188,-0.125,-0.125,31.688,5.0,22.75
2024-01-04 16:43:18.330,-174.391082,153.935169,-169.473047,-3.88,0.49,-8.73,0.125,-0.562,-0.562,32.375,5.0,23.562
2024-01-04 16:43:18.360,-174.633284,154.149426,-170.311588,-3.87,0.56,-8.76,0.5,0.0,0.625,32.75,4.562,23.562
2024-01-04 16:43:18.387,-174.54334,154.043339,-169.558406,-3.86,0.39,-8.71,-0.938,-0.5,0.062,32.375,5.0,23.562
2024-01-04 16:43:18.401,-174.76095,154.235336,-170.383167,-3.92,0.43,-8.75,1.25,-0.062,-0.438,32.75,4.562,23.562
2024-01-04 16:43:18.533,-175.051409,154.474239,-170.932828,-3.88,0.52,-8.77,0.75,0.562,-0.188,32.0,4.188,23.188
2024-01-04 16:43:18.547,-174.96955,154.386853,-171.483384,-3.89,0.5,-8.68,-1.125,-0.125,0.5,31.688,3.75,22.5
2024-01-04 16:43:18.575,-175.158007,154.553619,-170.992955,-3.88,0.43,-8.74,0.312,0.438,-0.875,32.0,4.188,23.188
2024-01-04 16:43:18.599,-175.25617,154.632982,-171.754192,-3.87,0.44,-8.75,-0.062,-0.312,0.062,32.375,3.75,23.188
2024-01-04 16:43:18.624,-175.34255,154.694998,-169.027665,-3.91,0.46,-8.73,0.125,0.0,-0.062,32.375,5.688,23.188
2024-01-04 16:43:18.645,-175.421865,154.763034,-169.071185,-3.89,0.47,-8.76,-0.375,-0.188,0.062,32.375,5.688,23.188
2024-01-04 16:43:18.672,-175.490876,154.834344,-169.93975,-3.87,0.49,-8.77,0.438,-0.688,0.25,31.688,5.0,21.688
2024-01-04 16:43:18.695,-175.559514,154.895413,-169.976509,-3.89,0.48,-8.76,0.062,-0.375,-0.438,31.688,5.0,21.688
2024-01-04 16:43:18.815,-175.623278,154.943649,-169.643061,-3.89,0.48,-8.68,-1.188,-0.375,-0.375,31.688,5.25,22.75
2024-01-04 16:43:18.844,-175.681119,155.001396,-169.674743,-3.86,0.49,-8.71,0.25,0.312,0.312,31.688,5.25,22.75
2024-01-04 16:43:18.858,-175.733725,155.054112,-170.140834,-3.89,0.5,-8.76,0.625,0.125,-0.375,32.0,5.0,22.5
2024-01-04 16:43:18.874,-175.813054,155.112398,-170.184493,-3.86,0.41,-8.76,0.625,-0.188,0.188,32.0,5.0,22.5
2024-01-04 16:43:18.932,-175.865045,155.158653,-170.786853,-3.88,0.48,-8.73,-1.438,-0.875,0.062,31.688,4.562,22.0
2024-01-04 16:43:19.011,-175.913533,155.193728,-170.813443,-3.89,0.48,-8.68,0.625,0.125,0.125,31.688,4.562,22.0
2024-01-04 16:43:19.106,-176.04551,155.315642,-170.286394,-3.89,0.49,-8.72,-1.438,-0.938,0.375,33.5,5.25,22.5
2024-01-04 16:43:19.142,-175.954145,155.234397,-170.831973,-3.89,0.5,-8.74,0.5,0.125,0.438,31.688,4.562,22.75
2024-01-04 16:43:19.156,-176.085699,155.345037,-170.307865,-3.9,0.48,-8.72,0.375,-0.312,-0.125,33.5,5.25,22.5
2024-01-04 16:43:19.293,-176.124417,155.373894,-171.533717,-3.91,0.48,-8.75,0.062,0.0,0.0,32.0,4.188,23.562
2024-01-04 16:43:19.308,-176.154485,155.411031,-171.550528,-3.87,0.5,-8.74,0.0,-0.438,-0.062,32.0,4.188,23.562
2024-01-04 16:43:19.327,-176.202164,155.431691,-171.190361,-3.91,0.44,-8.71,-0.125,-0.5,-0.25,32.75,4.562,22.75
2024-01-04 16:43:19.396,-176.310047,155.460804,-170.940925,-3.94,0.41,-8.67,-0.25,0.625,-0.75,31.25,4.562,23.188
2024-01-04 16:43:19.410,-176.258337,155.455529,-170.910181,-3.93,0.49,-8.71,0.438,0.438,-0.562,31.25,4.562,23.188
2024-01-04 16:43:19.422,-176.351099,155.503899,-170.389233,-3.85,0.44,-8.78,-0.375,1.312,0.0,33.188,5.25,23.188
2024-01-04 16:43:19.436,-176.361409,155.540249,-172.252993,-3.88,0.53,-8.81,0.062,1.062,0.25,31.688,3.75,23.188
2024-01-04 16:43:19.474,-176.381292,155.579896,-172.263741,-3.87,0.5,-8.83,0.25,-0.812,-0.188,31.688,3.75,23.188
2024-01-04 16:43:19.496,-176.409848,155.580703,-171.640219,-3.92,0.46,-8.64,-1.062,-0.375,-0.375,31.688,4.188,22.5
2024-01-04 16:43:19.603,-176.452542,155.663965,-171.017612,-3.88,0.43,-8.78,-0.188,-0.625,-0.375,31.25,4.562,22.75
2024-01-04 16:43:19.667,-176.413403,155.637925,-170.995321,-3.87,0.5,-8.81,2.125,1.25,-0.25,31.25,4.562,22.75
2024-01-04 16:43:19.681,-176.501284,155.679276,-171.280447,-3.87,0.39,-8.68,0.0,0.062,1.125,32.375,4.562,23.188
2024-01-04 16:43:19.703,-176.497403,155.711112,-171.277261,-3.86,0.55,-8.8,0.75,-0.438,1.188,32.375,4.562,23.188
2024-01-04 16:43:19.777,-176.581672,155.717897,-170.779832,-3.92,0.45,-8.67,-0.312,0.188,0.438,32.75,5.0,23.562
2024-01-04 16:43:19.821,-176.552455,155.746821,-171.718033,-3.9,0.53,-8.74,-0.438,-0.5,-1.0,31.688,4.188,23.188
2024-01-04 16:43:19.838,-176.553648,155.736,-170.762884,-3.89,0.61,-8.77,0.938,0.125,0.312,32.75,5.0,23.562
2024-01-04 16:43:19.851,-176.582866,155.748505,-171.736048,-3.9,0.43,-8.67,-0.562,-0.25,-0.188,31.688,4.188,23.188
2024-01-04 16:43:19.890,-176.597083,155.770541,-171.19401,-3.87,0.48,-8.77,0.625,0.75,-0.312,31.688,4.562,23.188
2024-01-04 16:43:19.904,-176.634154,155.797479,-171.215165,-3.87,0.41,-8.82,1.5,0.438,-0.438,31.688,4.562,23.188
2024-01-04 16:43:19.968,-176.658837,155.82254,-171.838736,-3.85,0.44,-8.77,-1.375,-0.75,0.0,32.0,4.188,22.75
2024-01-04 16:43:19.991,-176.669078,155.831469,-171.84445,-3.9,0.48,-8.76,-0.25,-1.0,0.312,32.0,4.188,22.75
2024-01-04 16:43:20.005,-176.684639,155.826869,-170.763203,-3.93,0.46,-8.72,-0.75,-1.0,-0.375,32.375,5.0,24.0
2024-01-04 16:43:20.035,-176.701506,155.816573,-170.773642,-3.92,0.45,-8.65,-1.5,-1.062,-0.25,32.375,5.0,24.0
2024-01-04 16:43:20.174,-176.686699,155.811187,-171.306613,-3.9,0.52,-8.73,0.875,0.125,-0.125,32.0,4.562,22.75
2024-01-04 16:43:20.188,-176.728109,155.813745,-171.173351,-3.91,0.43,-8.73,-0.25,-0.062,0.125,31.25,4.562,22.5
2024-01-04 16:43:20.227,-176.704317,155.81061,-171.316862,-3.91,0.45,-8.7,-1.375,-0.812,-0.25,32.0,4.562,22.75
2024-01-04 16:43:20.251,-176.757566,155.819166,-171.190456,-3.91,0.41,-8.75,-0.062,0.25,0.188,31.25,4.562,22.5
2024-01-04 16:43:20.265,-176.761971,155.822159,-171.423407,-3.9,0.48,-8.71,-1.562,-0.062,0.25,32.375,4.562,22.5
2024-01-04 16:43:20.286,-176.763794,155.828378,-171.424282,-3.91,0.49,-8.76,1.062,-0.188,0.312,32.375,4.562,22.5
2024-01-04 16:43:20.315,-176.76424,155.825709,-171.503365,-3.91,0.49,-8.69,-0.312,-1.375,-0.062,32.75,4.562,23.188
2024-01-04 16:43:20.348,-176.764477,155.813718,-171.503836,-3.94,0.49,-8.68,-0.375,-0.875,0.188,32.75,4.562,23.188
2024-01-04 16:43:20.363,-176.751144,155.80258,-170.27105,-3.93,0.53,-8.66,-0.75,0.438,-0.438,31.688,5.25,22.75
2024-01-04 16:43:20.428,-176.759854,155.800383,-170.276204,-3.94,0.47,-8.75,1.312,0.75,-0.375,31.688,5.25,22.75
2024-01-04 16:43:20.442,-176.784614,155.810419,-170.80557,-3.9,0.42,-8.76,-0.688,-0.438,-0.188,32.375,5.0,22.75
2024-01-04 16:43:20.514,-176.781684,155.824322,-170.437979,-3.9,0.52,-8.75,0.875,-0.312,-0.062,32.375,5.25,22.5
2024-01-04 16:43:20.528,-176.784521,155.816377,-170.43983,-3.93,0.48,-8.69,0.938,-0.875,-0.25,32.375,5.25,22.5
2024-01-04 16:43:20.542,-176.791299,155.816298,-170.809241,-3.9,0.47,-8.73,-0.938,0.125,0.25,32.375,5.0,22.75
2024-01-04 16:43:20.556,-176.796566,155.805106,-170.664014,-3.93,0.45,-8.66,-1.188,-0.688,0.062,31.688,5.0,22.75
2024-01-04 16:43:20.581,-176.786493,155.815206,-170.657813,-3.89,0.52,-8.74,0.625,0.938,0.5,31.688,5.0,22.75
2024-01-04 16:43:20.610,-176.775033,155.82783,-170.72564,-3.91,0.53,-8.81,1.5,0.625,0.312,32.0,5.0,23.188
2024-01-04 16:43:20.672,-176.784777,155.825188,-170.731457,-3.91,0.46,-8.69,-0.312,-1.125,-0.375,32.0,5.0,23.188
2024-01-04 16:43:20.685,-176.80308,155.810982,-171.452888,-3.93,0.43,-8.64,-0.562,-0.438,-0.25,32.375,4.562,23.188
2024-01-04 16:43:20.708,-176.785135,155.806442,-171.442531,-3.92,0.54,-8.69,-0.688,1.0,0.75,32.375,4.562,23.188
2024-01-04 16:43:20.722,-176.776983,155.827665,-172.12723,-3.88,0.52,-8.81,1.688,0.75,-0.188,33.188,4.188,24.25
2024-01-04 16:43:20.743,-176.797624,155.828159,-172.139486,-3.93,0.43,-8.76,0.125,-0.312,-0.625,33.188,4.188,24.25
2024-01-04 16:43:20.784,-176.819232,155.818784,-171.874493,-3.93,0.42,-8.68,-0.625,-0.562,-0.125,31.688,4.188,23.188
2024-01-04 16:43:20.862,-176.822943,155.80465,-171.877109,-3.94,0.47,-8.66,-0.688,-0.188,0.375,31.688,4.188,23.188
2024-01-04 16:43:24.559,-170.667162,149.257567,-167.673354,-4.13,0.36,-8.55,-3.5,-0.875,0.438,32.75,5.0,21.688
2024-01-04 16:43:24.573,-171.40346,150.060269,-170.269741,-4.04,0.79,-8.84,1.938,2.25,1.188,33.875,3.5,23.562
2024-01-04 16:43:24.603,-171.66711,150.289518,-167.82547,-4.08,0.5,-8.61,-3.0,-1.5,-0.625,32.75,5.25,22.0
2024-01-04 16:43:24.617,-171.896387,150.502265,-167.946675,-4.07,0.56,-8.55,-0.75,-1.5,0.562,32.75,5.25,22.0
2024-01-04 16:43:24.645,-172.09658,150.709131,-169.410528,-4.1,0.62,-8.65,1.25,1.688,-0.188,32.0,4.188,21.688
2024-01-04 16:43:24.710,-172.284425,150.908067,-169.510684,-4.11,0.63,-8.69,0.938,0.0,-0.375,32.0,4.188,21.688
2024-01-04 16:43:24.750,-172.47818,151.104204,-169.144485,-4.06,0.58,-8.64,0.875,-0.562,-1.188,32.75,4.562,23.562
2024-01-04 16:43:24.803,-173.055246,151.660031,-169.343282,-4.09,0.48,-8.68,2.812,-2.062,-3.188,32.0,4.562,22.375
2024-01-04 16:43:24.818,-172.856323,151.496334,-169.234838,-4.06,0.58,-8.74,3.5,-1.938,-2.188,32.0,4.562,22.375
2024-01-04 16:43:24.848,-173.334368,151.755598,-169.602857,-4.18,0.2,-8.41,-2.688,-2.188,-1.625,32.75,4.562,24.0
2024-01-04 16:43:24.862,-173.49173,151.904083,-169.250952,-4.07,0.53,-8.62,0.312,1.125,2.562,33.188,5.0,22.0
2024-01-04 16:43:24.902,-173.610999,152.046929,-169.313157,-4.12,0.63,-8.74,1.688,3.125,0.875,33.188,5.0,22.0
2024-01-04 16:43:24.999,-173.918062,152.295343,-169.46108,-4.1,0.45,-8.56,-1.5,-1.25,0.625,33.188,5.0,22.5
2024-01-04 16:43:25.013,-174.015745,152.410258,-170.145788,-4.08,0.62,-8.59,0.25,-0.188,0.75,33.188,4.562,22.0
2024-01-04 16:43:25.104,-174.130176,152.521584,-170.206081,-4.11,0.56,-8.67,1.938,0.125,-1.0,33.188,4.562,22.0
2024-01-04 16:43:25.117,-174.273902,152.618332,-169.578095,-4.11,0.45,-8.6,-0.688,-0.875,-0.125,32.75,5.0,21.25
2024-01-04 16:43:25.191,-174.42041,152.704824,-169.654857,-4.13,0.42,-8.6,-0.375,0.438,0.312,32.75,5.0,21.25
2024-01-04 16:43:25.211,-174.520985,152.813671,-171.721245,-4.06,0.54,-8.66,-0.875,1.312,0.75,32.0,3.5,21.688
2024-01-04 16:43:25.288,-174.705786,152.994553,-169.959663,-4.12,0.49,-8.61,-1.062,-0.875,-1.0,33.5,5.0,22.0
2024-01-04 16:43:25.311,-174.810023,153.057014,-170.01481,-4.13,0.48,-8.56,-0.812,-0.562,0.438,33.5,5.0,22.0
2024-01-04 16:43:25.331,-174.598576,152.919094,-171.762595,-4.09,0.6,-8.74,0.875,0.375,0.188,32.0,3.5,21.688
2024-01-04 16:43:25.390,-175.050976,153.281312,-169.974661,-4.1,0.52,-8.64,-0.375,-0.25,0.062,32.75,5.0,22.0
2024-01-04 16:43:25.418,-175.12913,153.34537,-170.016315,-4.1,0.51,-8.62,0.625,0.188,0.062,32.75,5.0,22.0
2024-01-04 16:43:25.444,-174.971775,153.211175,-170.385131,-4.11,0.51,-8.67,-0.625,0.438,-0.688,32.0,4.562,22.75
2024-01-04 16:43:25.477,-175.341994,153.459637,-170.044728,-4.13,0.4,-8.61,-0.625,0.375,0.562,32.375,5.0,22.5
2024-01-04 16:43:25.599,-175.410826,153.628945,-171.404754,-4.14,0.52,-8.51,-1.562,-1.125,-1.125,33.188,4.188,22.75
2024-01-04 16:43:25.629,-175.353326,153.606378,-170.996483,-4.03,0.67,-8.71,1.812,-0.125,0.5,33.875,4.562,21.688
2024-01-04 16:43:25.651,-175.475899,153.666648,-171.440505,-4.09,0.49,-8.53,-0.062,-0.875,0.312,33.188,4.188,22.75
2024-01-04 16:43:25.708,-175.523905,153.715155,-170.317061,-4.11,0.54,-8.67,0.562,1.688,-0.812,33.188,5.0,23.188
2024-01-04 16:43:25.722,-175.573403,153.765062,-170.343954,-4.11,0.53,-8.7,-0.062,0.875,-0.688,33.188,5.0,23.188
2024-01-04 16:43:25.736,-175.652603,153.810069,-170.914312,-4.1,0.43,-8.66,-0.188,-0.438,-0.188,32.75,4.562,23.188
2024-01-04 16:43:25.756,-175.702827,153.83991,-172.04053,-4.1,0.5,-8.56,-2.125,-0.188,1.188,32.375,3.75,22.75
2024-01-04 16:43:25.793,-175.708042,153.900845,-172.04226,-4.06,0.64,-8.73,0.812,0.062,1.062,32.375,3.75,22.75
2024-01-04 16:43:25.806,-175.75295,153.915101,-170.26585,-4.16,0.51,-8.6,0.188,-0.875,-0.375,32.375,5.0,22.375
2024-01-04 16:43:25.962,-175.840415,153.99577,-171.11196,-4.09,0.59,-8.7,1.25,0.75,-0.5,33.188,4.562,22.0
2024-01-04 16:43:26.052,-175.947464,154.049597,-171.701407,-4.11,0.49,-8.61,-0.375,-0.125,0.188,33.188,4.188,22.375
2024-01-04 16:43:26.065,-175.9911,154.072406,-171.725206,-4.12,0.48,-8.64,1.125,0.375,-0.375,33.188,4.188,22.375
2024-01-04 16:43:26.119,-176.012314,154.091493,-171.736625,-4.12,0.54,-8.62,-0.75,-0.25,0.312,33.188,4.188,22.375
2024-01-04 16:43:26.138,-176.030208,154.126862,-172.293882,-4.08,0.55,-8.67,0.062,-0.438,-0.062,32.75,3.75,22.375
2024-01-04 16:43:26.159,-176.065268,154.140749,-172.313325,-4.11,0.49,-8.58,-0.75,-0.25,-0.188,32.75,3.75,22.375
2024-01-04 16:43:26.278,-176.13837,154.190719,-171.725562,-4.12,0.46,-8.63,0.875,0.125,-0.25,32.75,4.188,22.0
2024-01-04 16:43:26.292,-176.095711,154.175494,-171.248855,-4.1,0.59,-8.64,-0.125,0.562,-0.25,33.188,4.562,21.688
2024-01-04 16:43:26.306,-176.184838,154.205427,-171.751038,-4.1,0.44,-8.59,-0.938,-0.375,0.125,32.75,4.188,22.0
2024-01-04 16:43:26.411,-176.225775,154.251205,-171.858297,-4.12,0.48,-8.66,-0.375,-0.562,-0.188,33.188,4.188,21.25
2024-01-04 16:43:26.440,-176.247923,154.254752,-171.870085,-4.13,0.5,-8.59,-1.875,-1.25,0.312,33.188,4.188,21.25
2024-01-04 16:43:26.503,-176.245406,154.280689,-172.495132,-4.12,0.58,-8.66,0.312,0.625,-0.625,33.188,3.75,21.688
2024-01-04 16:43:26.516,-176.249461,154.266136,-172.497572,-4.11,0.56,-8.61,0.312,0.312,0.188,33.188,3.75,21.688
2024-01-04 16:43:26.529,-176.266765,154.292195,-170.626891,-4.1,0.5,-8.6,0.375,-0.75,-0.188,32.75,5.0,22.375
2024-01-04 16:43:26.627,-176.300695,154.300293,-170.645704,-4.12,0.46,-8.62,-0.438,0.0,0.375,32.75,5.0,22.375
2024-01-04 16:43:26.678,-176.314886,154.3377,-170.652786,-4.08,0.59,-8.65,-0.125,-0.062,0.75,32.75,5.0,22.375
2024-01-04 16:43:26.718,-176.34079,154.336848,-172.834983,-4.14,0.56,-8.5,-1.062,-0.25,0.312,32.75,3.5,21.688
2024-01-04 16:43:26.731,-176.346586,154.352935,-172.837909,-4.09,0.46,-8.63,0.0,-1.625,-0.375,32.75,3.5,21.688
2024-01-04 16:43:26.745,-176.326606,154.318652,-171.213889,-4.18,0.59,-8.56,-0.562,0.375,0.188,32.375,4.562,22.75
2024-01-04 16:43:26.764,-176.329201,154.337112,-171.214934,-4.11,0.55,-8.69,1.312,0.812,-0.5,32.375,4.562,22.75
2024-01-04 16:43:29.551,-63.820159,62.453953,80.205671,-5.89,2.22,6.96,-88.0,-85.438,-10.75,30.688,3.188,-30.188
2024-01-04 16:43:29.568,-59.950322,59.999802,77.122092,-5.43,3.2,7.73,-121.938,-99.312,-14.5,29.0,7.188,-30.188
2024-01-04 16:43:29.581,-61.922015,61.311032,76.836358,-5.12,3.0,6.19,-87.625,-81.688,-2.312,29.0,7.188,-30.188
2024-01-04 16:43:29.604,-57.736176,58.590003,78.185466,-5.24,2.37,8.45,-108.688,-113.5,-14.438,26.0,10.188,-31.25
2024-01-04 16:43:29.632,-55.37382,57.068682,78.74939,-4.54,1.57,8.48,-67.062,-115.75,-11.688,26.0,10.188,-31.25
2024-01-04 16:43:29.713,-48.311214,52.374089,84.620187,-3.6,0.8,9.07,-17.188,-100.938,-10.188,18.375,14.0,-31.188
2024-01-04 16:43:29.726,-53.118172,55.57951,80.381265,-4.73,1.66,9.17,-29.938,-121.125,-2.438,22.188,12.062,-30.562
2024-01-04 16:43:29.754,-45.923877,50.813685,85.39223,-3.93,0.1,10.15,-45.75,-98.062,-9.25,18.375,14.0,-31.188
2024-01-04 16:43:29.772,-43.571634,49.198287,88.939653,-3.25,-0.19,9.71,-44.125,-98.125,23.75,15.0,15.562,-31.562
2024-01-04 16:43:29.801,-41.675218,47.509027,89.334889,-2.79,1.0,10.12,-62.25,-86.562,23.438,15.0,15.562,-31.562
2024-01-04 16:43:29.832,-39.82131,45.886241,91.841732,-2.91,0.87,10.82,-75.688,-81.125,11.125,12.25,17.188,-31.75
2024-01-04 16:43:29.872,-37.995285,44.153116,92.197453,-2.03,0.59,10.23,-40.5,-68.188,8.562,12.25,17.188,-31.75
2024-01-04 16:43:29.893,-36.303132,42.395746,92.662698,-1.55,0.71,9.78,-23.438,-44.562,3.188,10.688,18.25,-30.75
2024-01-04 16:43:29.954,-34.687066,40.838754,92.918526,-2.03,0.71,10.2,-15.812,-15.375,4.312,10.688,18.25,-30.75
2024-01-04 16:43:30.004,-33.134453,39.302237,92.112519,-1.74,0.62,9.76,-7.438,-5.188,12.938,9.75,19.062,-28.875
2024-01-04 16:43:30.023,-30.383488,36.339608,92.940702,-1.56,0.99,9.39,-11.938,-11.375,-3.688,8.875,19.062,-28.25
2024-01-04 16:43:30.037,-31.665853,37.755764,92.211603,-1.41,0.63,9.58,-11.188,-3.438,10.0,9.75,19.062,-28.875
2024-01-04 16:43:30.072,-29.10612,35.062245,92.990744,-1.87,0.83,9.81,0.875,-13.5,-16.125,8.875,19.062,-28.25
2024-01-04 16:43:30.116,-27.753189,33.861111,93.399613,-1.91,0.35,9.79,5.875,-16.312,-13.375,8.062,19.562,-27.5
2024-01-04 16:43:30.165,-25.09769,31.408127,94.402717,-1.39,-0.03,9.79,-10.875,-11.75,-33.625,7.562,18.875,-27.188
2024-01-04 16:43:30.214,-23.086996,29.412934,95.550585,-1.89,0.78,10.08,-20.562,0.188,-77.438,5.562,20.5,-25.688
2024-01-04 16:43:30.280,-24.069217,30.402054,94.329218,-1.89,0.75,9.47,-17.688,-1.938,-66.625,7.562,18.875,-27.188
2024-01-04 16:43:30.294,-21.932646,28.446256,95.613245,-1.79,0.0,10.07,-1.438,-15.25,-41.875,5.562,20.5,-25.688
2024-01-04 16:43:30.309,-20.844801,27.479942,93.912588,-1.57,0.03,9.78,-5.062,-23.25,-19.0,5.875,21.188,-24.688
2024-01-04 16:43:30.323,-19.904313,26.550244,93.829347,-1.54,0.35,9.85,-18.562,-27.625,-11.188,5.875,21.188,-24.688
2024-01-04 16:43:30.433,-18.077992,24.58605,94.508896,-0.85,0.11,9.62,2.75,-54.062,-12.25,4.75,21.562,-23.5
2024-01-04 16:43:30.485,-17.188149,23.556033,93.691151,-0.71,0.05,10.19,3.562,-49.812,-9.688,4.688,21.25,-22.375
2024-01-04 16:43:30.498,-16.312038,22.531209,93.45758,-0.55,-0.06,10.29,5.625,-44.375,5.0,4.688,21.25,-22.375
2024-01-04 16:43:30.540,-15.476699,21.534265,97.326927,-0.46,-0.07,10.16,2.312,-37.5,11.75,3.062,19.375,-22.375
2024-01-04 16:43:30.694,-13.072418,18.478616,99.044648,0.09,-0.19,9.16,21.688,-1.625,8.688,1.5,20.188,-22.0
2024-01-04 16:43:30.707,-12.491385,17.624249,98.308035,-0.23,0.24,9.47,3.562,2.125,1.688,1.688,20.188,-22.0
2024-01-04 16:43:30.786,-10.720811,15.306926,99.158774,-0.12,0.21,9.34,1.125,-2.625,2.875,0.562,20.875,-21.25
2024-01-04 16:43:30.816,-11.217274,16.073811,99.472954,-0.19,-0.03,10.05,-12.25,0.625,-0.25,0.562,20.875,-21.25
2024-01-04 16:43:30.836,-10.324851,14.544627,96.695057,-0.01,0.46,9.4,-11.375,-12.062,-7.438,1.25,20.188,-19.688
2024-01-04 16:43:30.856,-9.896139,13.934986,96.428338,-0.43,0.32,10.47,-4.188,-12.375,-12.75,1.25,20.188,-19.688
2024-01-04 16:43:30.894,-9.301333,13.292797,96.105067,-0.18,-0.33,9.45,2.438,4.312,-17.25,1.25,19.75,-19.25
2024-01-04 16:43:30.956,-8.274933,12.109207,98.277029,-0.16,0.0,9.49,-1.438,23.938,-25.438,0.375,19.062,-19.75
2024-01-04 16:43:31.015,-8.710456,12.695696,95.865578,-0.22,-0.41,9.33,-0.25,13.688,-23.312,1.25,19.75,-19.25
2024-01-04 16:43:31.035,-7.966484,11.693673,101.038379,-0.65,0.36,9.79,1.0,22.688,-22.188,-0.688,18.25,-19.375
2024-01-04 16:43:31.051,-7.536929,11.383552,100.951421,-0.97,-0.11,10.09,-1.25,13.812,-19.5,-0.688,18.25,-19.375
2024-01-04 16:43:31.087,-6.996891,11.081985,99.230275,-0.92,-0.56,9.82,-6.0,6.75,-15.688,-0.25,17.875,-17.875
2024-01-04 16:43:31.132,-6.18446,10.869293,99.322667,-1.11,-1.51,9.27,13.375,5.125,-38.312,-0.25,17.875,-17.875
2024-01-04 16:43:31.163,-6.251649,10.334771,98.875118,-0.03,1.27,9.61,2.812,-4.0,-48.312,-0.25,17.562,-17.5
2024-01-04 16:43:31.176,-6.252492,9.850687,98.50356,-0.11,1.06,9.65,2.562,-1.25,-23.062,-0.25,17.562,-17.5
2024-01-04 16:43:31.190,-6.12957,9.520818,102.154374,-0.54,0.63,9.5,1.312,-5.75,-14.0,-1.5,16.375,-16.375
2024-01-04 16:43:31.237,-5.773178,9.268954,102.079911,-0.81,-0.18,10.33,2.438,-7.312,-14.125,-1.5,16.375,-16.375
2024-01-04 16:43:31.293,-5.224114,8.271916,105.631412,0.37,0.57,9.6,6.688,-21.062,-21.938,-2.688,15.375,-15.5
2024-01-04 16:43:31.309,-5.320228,8.823448,106.00791,-0.06,-0.55,9.58,7.188,-16.0,-9.812,-2.688,15.375,-15.5
2024-01-04 16:43:31.398,-5.001921,7.232132,106.470114,0.17,0.15,9.7,9.5,-9.812,-7.812,-3.062,15.0,-15.5
2024-01-04 16:43:31.431,-5.218551,7.665615,106.724487,0.64,0.85,9.5,10.375,-17.375,-20.75,-3.062,15.0,-15.5
2024-01-04 16:43:31.443,-4.811313,7.016168,106.811025,-0.49,0.2,9.63,1.938,-7.312,1.75,-3.062,14.562,-15.5
2024-01-04 16:43:31.457,-4.588841,6.692499,106.631416,-0.09,0.06,9.5,-4.312,-5.625,11.875,-3.062,14.562,-15.5
2024-01-04 16:43:31.541,-4.320404,6.225977,108.280003,0.44,-0.13,9.55,-11.0,-7.0,15.875,-3.875,15.25,-15.562
2024-01-04 16:43:31.563,-3.68832,5.161119,106.974879,-0.04,0.0,9.66,-5.625,-11.125,-0.75,-3.5,14.562,-14.75
2024-01-04 16:43:31.577,-3.882443,5.42027,107.114599,0.48,-0.01,9.76,-5.188,-7.125,4.625,-3.5,14.562,-14.75
2024-01-04 16:43:31.593,-3.545898,4.864068,108.317503,0.13,0.14,9.55,-7.688,-17.875,-4.5,-3.875,14.25,-14.375
2024-01-04 16:43:31.614,-3.269857,4.656785,108.249007,-0.12,-0.33,9.57,-14.5,-32.0,-2.5,-3.875,14.25,-14.375
2024-01-04 16:43:31.634,-3.636884,3.985293,106.805314,1.73,2.1,11.21,-6.25,-1.562,-0.938,-3.875,15.0,-14.375
2024-01-04 16:43:31.654,-3.419232,3.702496,106.654649,0.28,-0.12,9.6,1.5,-0.125,0.312,-3.875,15.0,-14.375
2024-01-04 16:43:31.692,-2.857157,3.161106,107.647554,0.26,-0.31,9.69,4.062,-0.625,8.188,-4.25,15.0,-14.375
2024-01-04 16:43:31.729,-3.103974,3.408373,107.762902,0.37,-0.49,9.72,3.0,-0.375,2.938,-4.25,15.0,-14.375
2024-01-04 16:43:31.743,-2.775992,2.906125,104.964557,0.33,0.21,9.75,5.062,-0.875,10.188,-3.875,16.375,-14.375
2024-01-04 16:43:31.770,-2.512972,2.612976,104.813006,0.5,-0.42,9.68,7.125,-0.75,12.062,-3.875,16.375,-14.375
2024-01-04 16:43:31.840,-2.363599,2.405239,106.854031,0.26,-0.08,9.66,1.312,0.125,16.938,-4.25,15.375,-14.75
2024-01-04 16:43:31.854,-2.136084,2.160885,106.722075,0.42,-0.37,9.69,1.125,0.25,20.125,-4.25,15.375,-14.75
2024-01-04 16:43:31.884,-2.070753,1.963992,107.722715,0.3,0.14,9.67,4.75,0.25,25.812,-4.688,15.688,-15.188
2024-01-04 16:43:31.940,-1.990793,1.742083,107.566153,0.42,0.08,9.72,2.562,0.312,28.062,-4.688,15.688,-15.188
2024-01-04 16:43:31.962,-1.739168,1.351156,104.894893,0.36,-0.1,9.77,1.25,-0.125,30.375,-3.875,15.375,-14.5
2024-01-04 16:43:32.026,-1.570608,0.995424,105.868493,0.38,0.06,9.68,1.188,0.25,29.25,-4.25,15.375,-13.25
2024-01-04 16:43:32.045,-1.512708,0.845485,104.529392,0.34,0.07,9.72,1.125,0.188,26.125,-3.875,15.375,-14.5
2024-01-04 16:43:32.059,-1.437073,0.705686,104.429823,0.33,0.0,9.69,1.0,0.188,24.75,-3.875,15.375,-14.5
2024-01-04 16:43:32.116,-1.377094,0.578404,103.14057,0.31,0.04,9.65,1.312,0.312,21.062,-3.5,15.25,-14.062
2024-01-04 16:43:32.177,-1.211807,0.203634,102.287558,0.36,0.06,9.63,0.875,-0.062,13.875,-3.188,14.562,-14.5
2024-01-04 16:43:35.561,-0.361525,-1.724613,100.910635,0.31,0.06,9.72,-0.125,-0.062,0.062,-3.5,15.688,-15.25
2024-01-04 16:43:35.574,-0.361938,-1.719239,100.915579,0.29,0.06,9.75,0.0,0.0,0.062,-3.5,15.688,-15.25
2024-01-04 16:43:35.586,-0.36243,-1.720058,100.263328,0.3,0.06,9.75,0.062,-0.062,-0.062,-3.188,15.375,-13.0
2024-01-04 16:43:35.616,-0.361078,-1.729437,98.509614,0.31,0.06,9.75,-0.125,0.062,-0.062,-2.75,15.375,-14.5
2024-01-04 16:43:35.679,-0.360347,-1.735321,101.384112,0.31,0.07,9.76,0.0,-0.125,0.188,-3.5,15.0,-15.25
2024-01-04 16:43:35.693,-0.368855,-1.739891,101.37827,0.31,0.09,9.72,0.0,-0.062,0.062,-3.5,15.0,-15.25
2024-01-04 16:43:35.755,-0.3731,-1.759882,99.954205,0.34,0.07,9.73,0.0,0.0,-0.062,-3.188,15.688,-13.688
2024-01-04 16:43:35.768,-0.371043,-1.747176,99.965131,0.32,0.07,9.72,0.0,-0.188,0.062,-3.188,15.688,-13.688
2024-01-04 16:43:35.835,-0.372111,-1.766071,101.440194,0.32,0.06,9.73,-0.062,0.125,-0.062,-3.5,15.0,-14.5
2024-01-04 16:43:35.848,-0.377083,-1.769103,101.43662,0.31,0.08,9.72,-0.188,-0.062,-0.125,-3.5,15.0,-14.5
2024-01-04 16:43:35.863,-0.370018,-1.76904,104.194187,0.3,0.04,9.72,-0.125,-0.062,0.0,-4.25,15.0,-14.062
2024-01-04 16:43:35.876,-0.369201,-1.766034,98.525621,0.29,0.06,9.72,-0.062,0.062,0.062,-2.75,15.375,-14.062
2024-01-04 16:43:35.946,-0.373371,-1.777402,98.833953,0.32,0.07,9.75,-0.125,0.062,0.125,-2.75,14.562,-15.25
2024-01-04 16:43:35.959,-0.371372,-1.772013,98.520091,0.32,0.07,9.72,-0.125,-0.062,0.0,-2.75,15.375,-14.062
2024-01-04 16:43:36.046,-0.3801,-1.799314,97.733363,0.31,0.06,9.76,-0.062,0.188,-0.062,-2.375,13.875,-15.25
2024-01-04 16:43:36.061,-0.379933,-1.793669,97.689808,0.35,0.07,9.75,-0.062,0.125,-0.125,-2.375,14.25,-14.062
2024-01-04 16:43:36.128,-0.375817,-1.80059,97.732485,0.31,0.05,9.73,-0.062,0.25,-0.062,-2.375,13.875,-15.25
2024-01-04 16:43:36.212,-0.370797,-1.802929,97.07834,0.32,0.06,9.73,0.0,0.062,-0.062,-2.375,15.375,-14.5
2024-01-04 16:43:36.227,-0.375762,-1.809708,97.199829,0.33,0.08,9.75,0.062,0.188,0.062,-2.375,15.0,-14.875
2024-01-04 16:43:36.314,-0.382254,-1.813976,96.928911,0.31,0.08,9.74,0.0,-0.062,-0.125,-2.375,15.688,-14.5
2024-01-04 16:43:36.326,-0.386695,-1.811578,96.93073,0.3,0.08,9.73,-0.188,0.0,-0.125,-2.375,15.688,-14.5
2024-01-04 16:43:36.401,-0.390914,-1.809299,100.653596,0.3,0.08,9.73,-0.062,0.062,-0.062,-3.188,14.562,-13.688
2024-01-04 16:43:36.413,-0.394922,-1.807135,100.654994,0.3,0.08,9.73,0.0,0.0,-0.062,-3.188,14.562,-13.688
2024-01-04 16:43:36.470,-0.392842,-1.805079,100.257615,0.3,0.06,9.73,-0.062,0.0,0.0,-3.188,15.0,-14.5
2024-01-04 16:43:36.483,-0.390811,-1.799921,100.262684,0.29,0.06,9.76,0.125,0.0,0.188,-3.188,15.0,-14.5
2024-01-04 16:43:36.569,-0.383714,-1.821724,97.286534,0.35,0.05,9.75,0.062,-0.062,-0.125,-2.375,15.0,-14.062
2024-01-04 16:43:36.616,-0.382175,-1.824724,97.283921,0.32,0.06,9.74,0.062,-0.125,-0.062,-2.375,15.0,-14.062
2024-01-04 16:43:36.629,-0.383655,-1.81876,97.289251,0.29,0.07,9.74,0.062,-0.062,-0.062,-2.375,15.0,-14.062
2024-01-04 16:43:36.644,-0.385082,-1.804355,100.259348,0.26,0.07,9.73,0.188,-0.125,-0.125,-3.188,15.0,-14.5
2024-01-04 16:43:36.728,-0.386374,-1.802166,100.261205,0.3,0.07,9.76,0.0,0.125,0.062,-3.188,15.0,-14.5
2024-01-04 16:43:36.740,-0.387686,-1.806338,97.169703,0.32,0.07,9.72,0.0,-0.062,0.125,-2.375,15.375,-13.688
2024-01-04 16:43:36.788,-0.384318,-1.811002,99.772787,0.32,0.06,9.72,0.062,-0.062,-0.062,-3.188,15.688,-14.875
2024-01-04 16:43:36.803,-0.385931,-1.807076,97.169198,0.31,0.06,9.75,0.0,0.125,-0.062,-2.375,15.375,-13.688
2024-01-04 16:43:36.843,-0.38275,-1.817477,99.767064,0.33,0.06,9.74,0.062,-0.062,0.062,-3.188,15.688,-14.875
2024-01-04 16:43:36.863,-0.381296,-1.817939,97.356291,0.31,0.06,9.72,0.0,-0.125,-0.125,-2.375,14.562,-15.25
2024-01-04 16:43:36.940,-0.379782,-1.818901,100.825041,0.31,0.06,9.72,-0.062,0.0,0.0,-3.188,14.25,-14.062
2024-01-04 16:43:36.962,-0.385737,-1.815161,97.358682,0.3,0.08,9.75,0.0,0.125,0.0,-2.375,14.562,-15.25
2024-01-04 16:43:36.981,-0.381156,-1.81849,100.825225,0.32,0.05,9.74,0.0,-0.062,0.062,-3.188,14.25,-14.062
2024-01-04 16:43:37.066,-0.38136,-1.824881,100.195227,0.33,0.07,9.75,-0.125,-0.062,0.0,-3.188,15.0,-14.875
2024-01-04 16:43:37.080,-0.384472,-1.816026,97.553469,0.29,0.08,9.74,-0.062,-0.062,-0.062,-2.375,14.562,-13.688
2024-01-04 16:43:37.108,-0.385879,-1.822449,97.547461,0.33,0.07,9.72,0.125,0.0,0.0,-2.375,14.562,-13.688
2024-01-04 16:43:37.121,-0.379939,-1.821847,100.19832,0.3,0.06,9.74,0.0,0.062,-0.125,-3.188,15.0,-14.875
2024-01-04 16:43:37.133,-0.387237,-1.822756,103.340561,0.31,0.07,9.71,0.0,-0.062,-0.062,-3.875,14.25,-14.875
2024-01-04 16:43:37.300,-0.385185,-1.836943,98.667788,0.33,0.06,9.74,0.0,-0.188,0.0,-2.75,15.0,-14.062
2024-01-04 16:43:37.319,-0.383555,-1.833215,100.33187,0.3,0.06,9.75,0.125,-0.125,0.062,-3.188,15.0,-13.688
2024-01-04 16:43:37.347,-0.382006,-1.826739,100.337751,0.29,0.06,9.75,0.0,0.062,0.0,-3.188,15.0,-13.688
2024-01-04 16:43:37.379,-0.377688,-1.829973,101.866404,0.32,0.05,9.69,0.0,0.0,0.0,-3.5,14.562,-13.25
2024-01-04 16:43:37.398,-0.376487,-1.826866,101.869278,0.3,0.06,9.72,0.062,0.0,0.0,-3.5,14.562,-13.25
2024-01-04 16:43:37.499,-0.368625,-1.818328,101.676476,0.31,0.06,9.76,0.062,-0.062,0.0,-3.5,14.562,-14.875
2024-01-04 16:43:37.513,-0.382283,-1.841126,102.729771,0.39,0.11,9.82,0.125,0.062,-0.062,-3.875,15.0,-14.5
2024-01-04 16:43:37.598,-0.373884,-1.822344,100.342649,0.28,0.06,9.7,0.0,0.0,0.0,-3.188,15.0,-13.688
2024-01-04 16:43:37.652,-0.375821,-1.825507,98.878929,0.32,0.07,9.72,0.188,0.062,0.0,-2.75,14.562,-14.5
2024-01-04 16:43:37.664,-0.374695,-1.828415,98.876258,0.32,0.06,9.73,-0.125,0.0,0.0,-2.75,14.562,-14.5
2024-01-04 16:43:37.680,-0.372646,-1.842675,100.523564,0.34,0.06,9.72,-0.062,0.0,0.0,-3.188,14.562,-14.5
2024-01-04 16:43:37.774,-0.38043,-1.844435,98.40227,0.32,0.09,9.76,-0.125,0.0,0.125,-2.75,15.375,-14.5
2024-01-04 16:43:37.805,-0.373644,-1.834218,100.531506,0.33,0.06,9.72,0.062,-0.062,-0.125,-3.188,14.562,-14.5
